balancing:strategy,categorical_encoding:__choice__,categorical_encoding:one_hot_encoding:minimum_fraction,categorical_encoding:one_hot_encoding:use_minimum_fraction,classifier:__choice__,classifier:adaboost:algorithm,classifier:adaboost:learning_rate,classifier:adaboost:max_depth,classifier:adaboost:n_estimators,classifier:bernoulli_nb:alpha,classifier:bernoulli_nb:fit_prior,classifier:decision_tree:criterion,classifier:decision_tree:max_depth,classifier:decision_tree:max_depth_factor,classifier:decision_tree:max_features,classifier:decision_tree:max_leaf_nodes,classifier:decision_tree:min_impurity_decrease,classifier:decision_tree:min_samples_leaf,classifier:decision_tree:min_samples_split,classifier:decision_tree:min_weight_fraction_leaf,classifier:extra_trees:bootstrap,classifier:extra_trees:criterion,classifier:extra_trees:max_depth,classifier:extra_trees:max_features,classifier:extra_trees:max_leaf_nodes,classifier:extra_trees:min_impurity_decrease,classifier:extra_trees:min_samples_leaf,classifier:extra_trees:min_samples_split,classifier:extra_trees:min_weight_fraction_leaf,classifier:extra_trees:n_estimators,classifier:gradient_boosting:criterion,classifier:gradient_boosting:learning_rate,classifier:gradient_boosting:loss,classifier:gradient_boosting:max_depth,classifier:gradient_boosting:max_features,classifier:gradient_boosting:max_leaf_nodes,classifier:gradient_boosting:min_impurity_decrease,classifier:gradient_boosting:min_samples_leaf,classifier:gradient_boosting:min_samples_split,classifier:gradient_boosting:min_weight_fraction_leaf,classifier:gradient_boosting:n_estimators,classifier:gradient_boosting:subsample,classifier:k_nearest_neighbors:n_neighbors,classifier:k_nearest_neighbors:p,classifier:k_nearest_neighbors:weights,classifier:lda:n_components,classifier:lda:shrinkage,classifier:lda:shrinkage_factor,classifier:lda:tol,classifier:liblinear_svc:C,classifier:liblinear_svc:dual,classifier:liblinear_svc:fit_intercept,classifier:liblinear_svc:intercept_scaling,classifier:liblinear_svc:loss,classifier:liblinear_svc:multi_class,classifier:liblinear_svc:penalty,classifier:liblinear_svc:tol,classifier:libsvm_svc:C,classifier:libsvm_svc:coef0,classifier:libsvm_svc:degree,classifier:libsvm_svc:gamma,classifier:libsvm_svc:kernel,classifier:libsvm_svc:max_iter,classifier:libsvm_svc:shrinking,classifier:libsvm_svc:tol,classifier:multinomial_nb:alpha,classifier:multinomial_nb:fit_prior,classifier:passive_aggressive:C,classifier:passive_aggressive:average,classifier:passive_aggressive:fit_intercept,classifier:passive_aggressive:loss,classifier:passive_aggressive:tol,classifier:qda:reg_param,classifier:random_forest:bootstrap,classifier:random_forest:criterion,classifier:random_forest:max_depth,classifier:random_forest:max_features,classifier:random_forest:max_leaf_nodes,classifier:random_forest:min_impurity_decrease,classifier:random_forest:min_samples_leaf,classifier:random_forest:min_samples_split,classifier:random_forest:min_weight_fraction_leaf,classifier:random_forest:n_estimators,classifier:sgd:alpha,classifier:sgd:average,classifier:sgd:epsilon,classifier:sgd:eta0,classifier:sgd:fit_intercept,classifier:sgd:l1_ratio,classifier:sgd:learning_rate,classifier:sgd:loss,classifier:sgd:penalty,classifier:sgd:power_t,classifier:sgd:tol,classifier:xgradient_boosting:base_score,classifier:xgradient_boosting:booster,classifier:xgradient_boosting:colsample_bylevel,classifier:xgradient_boosting:colsample_bytree,classifier:xgradient_boosting:gamma,classifier:xgradient_boosting:learning_rate,classifier:xgradient_boosting:max_delta_step,classifier:xgradient_boosting:max_depth,classifier:xgradient_boosting:min_child_weight,classifier:xgradient_boosting:n_estimators,classifier:xgradient_boosting:normalize_type,classifier:xgradient_boosting:rate_drop,classifier:xgradient_boosting:reg_alpha,classifier:xgradient_boosting:reg_lambda,classifier:xgradient_boosting:sample_type,classifier:xgradient_boosting:scale_pos_weight,classifier:xgradient_boosting:subsample,idx,imputation:strategy,preprocessor:__choice__,preprocessor:extra_trees_preproc_for_classification:bootstrap,preprocessor:extra_trees_preproc_for_classification:criterion,preprocessor:extra_trees_preproc_for_classification:max_depth,preprocessor:extra_trees_preproc_for_classification:max_features,preprocessor:extra_trees_preproc_for_classification:max_leaf_nodes,preprocessor:extra_trees_preproc_for_classification:min_impurity_decrease,preprocessor:extra_trees_preproc_for_classification:min_samples_leaf,preprocessor:extra_trees_preproc_for_classification:min_samples_split,preprocessor:extra_trees_preproc_for_classification:min_weight_fraction_leaf,preprocessor:extra_trees_preproc_for_classification:n_estimators,preprocessor:fast_ica:algorithm,preprocessor:fast_ica:fun,preprocessor:fast_ica:n_components,preprocessor:fast_ica:whiten,preprocessor:feature_agglomeration:affinity,preprocessor:feature_agglomeration:linkage,preprocessor:feature_agglomeration:n_clusters,preprocessor:feature_agglomeration:pooling_func,preprocessor:kernel_pca:coef0,preprocessor:kernel_pca:degree,preprocessor:kernel_pca:gamma,preprocessor:kernel_pca:kernel,preprocessor:kernel_pca:n_components,preprocessor:kitchen_sinks:gamma,preprocessor:kitchen_sinks:n_components,preprocessor:liblinear_svc_preprocessor:C,preprocessor:liblinear_svc_preprocessor:dual,preprocessor:liblinear_svc_preprocessor:fit_intercept,preprocessor:liblinear_svc_preprocessor:intercept_scaling,preprocessor:liblinear_svc_preprocessor:loss,preprocessor:liblinear_svc_preprocessor:multi_class,preprocessor:liblinear_svc_preprocessor:penalty,preprocessor:liblinear_svc_preprocessor:tol,preprocessor:nystroem_sampler:coef0,preprocessor:nystroem_sampler:degree,preprocessor:nystroem_sampler:gamma,preprocessor:nystroem_sampler:kernel,preprocessor:nystroem_sampler:n_components,preprocessor:pca:keep_variance,preprocessor:pca:whiten,preprocessor:polynomial:degree,preprocessor:polynomial:include_bias,preprocessor:polynomial:interaction_only,preprocessor:random_trees_embedding:bootstrap,preprocessor:random_trees_embedding:max_depth,preprocessor:random_trees_embedding:max_leaf_nodes,preprocessor:random_trees_embedding:min_samples_leaf,preprocessor:random_trees_embedding:min_samples_split,preprocessor:random_trees_embedding:min_weight_fraction_leaf,preprocessor:random_trees_embedding:n_estimators,preprocessor:select_percentile_classification:percentile,preprocessor:select_percentile_classification:score_func,preprocessor:select_rates:alpha,preprocessor:select_rates:mode,preprocessor:select_rates:score_func,rescaling:__choice__,rescaling:quantile_transformer:n_quantiles,rescaling:quantile_transformer:output_distribution,rescaling:robust_scaler:q_max,rescaling:robust_scaler:q_min
weighting,one_hot_encoding,0.00011717632475982632,True,gradient_boosting,,,,,,,,,,,,,,,,,,,,,,,,,,friedman_mse,0.045388141846341344,deviance,10.0,0.29161769341843435,None,0.0,20.0,2.0,0.0,278.0,0.7912571599269661,,,,,,,,,,,,,,,,,,,,,,,,,,,,,,,,,,,,,,,,,,,,,,,,,,,,,,,,,,,,,,,,,,,,,,1,mean,no_preprocessing,,,,,,,,,,,,,,,,,,,,,,,,,,,,,,,,,,,,,,,,,,,,,,,,,,,,,,,,standardize,,,,
weighting,no_encoding,,,random_forest,,,,,,,,,,,,,,,,,,,,,,,,,,,,,,,,,,,,,,,,,,,,,,,,,,,,,,,,,,,,,,,,,,,,,False,entropy,None,0.7249853037185638,None,0.0,1.0,16.0,0.0,100.0,,,,,,,,,,,,,,,,,,,,,,,,,,,,,2,median,extra_trees_preproc_for_classification,False,gini,None,0.9424908623661876,None,0.0,7.0,6.0,0.0,100.0,,,,,,,,,,,,,,,,,,,,,,,,,,,,,,,,,,,,,,,,,,,,,,none,,,,
weighting,no_encoding,,,gradient_boosting,,,,,,,,,,,,,,,,,,,,,,,,,,mse,0.12713527337147906,deviance,4.0,0.6041596127474019,None,0.0,14.0,17.0,0.0,83.0,0.8426859880999615,,,,,,,,,,,,,,,,,,,,,,,,,,,,,,,,,,,,,,,,,,,,,,,,,,,,,,,,,,,,,,,,,,,,,,3,mean,no_preprocessing,,,,,,,,,,,,,,,,,,,,,,,,,,,,,,,,,,,,,,,,,,,,,,,,,,,,,,,,minmax,,,,
none,no_encoding,,,gradient_boosting,,,,,,,,,,,,,,,,,,,,,,,,,,mse,0.03474109838999682,deviance,4.0,0.5687034678818491,None,0.0,18.0,12.0,0.0,408.0,0.5150113945430513,,,,,,,,,,,,,,,,,,,,,,,,,,,,,,,,,,,,,,,,,,,,,,,,,,,,,,,,,,,,,,,,,,,,,,4,most_frequent,select_percentile_classification,,,,,,,,,,,,,,,,,,,,,,,,,,,,,,,,,,,,,,,,,,,,,,,,,,,92.6328939517938,f_classif,,,,standardize,,,,
weighting,one_hot_encoding,,False,extra_trees,,,,,,,,,,,,,,,,False,gini,None,0.9265375980300852,None,0.0,13.0,20.0,0.0,100.0,,,,,,,,,,,,,,,,,,,,,,,,,,,,,,,,,,,,,,,,,,,,,,,,,,,,,,,,,,,,,,,,,,,,,,,,,,,,,,,,,,5,most_frequent,no_preprocessing,,,,,,,,,,,,,,,,,,,,,,,,,,,,,,,,,,,,,,,,,,,,,,,,,,,,,,,,minmax,,,,
none,no_encoding,,,gradient_boosting,,,,,,,,,,,,,,,,,,,,,,,,,,mse,0.251097788175676,deviance,6.0,0.35679099363539235,None,0.0,13.0,11.0,0.0,157.0,0.4791732272983235,,,,,,,,,,,,,,,,,,,,,,,,,,,,,,,,,,,,,,,,,,,,,,,,,,,,,,,,,,,,,,,,,,,,,,6,median,polynomial,,,,,,,,,,,,,,,,,,,,,,,,,,,,,,,,,,,,,,,,,2.0,False,True,,,,,,,,,,,,,standardize,,,,
weighting,no_encoding,,,adaboost,SAMME,0.28738775989203896,10.0,423.0,,,,,,,,,,,,,,,,,,,,,,,,,,,,,,,,,,,,,,,,,,,,,,,,,,,,,,,,,,,,,,,,,,,,,,,,,,,,,,,,,,,,,,,,,,,,,,,,,,,,,,,7,most_frequent,polynomial,,,,,,,,,,,,,,,,,,,,,,,,,,,,,,,,,,,,,,,,,2.0,True,False,,,,,,,,,,,,,robust_scaler,,,0.8031499675923353,0.13579938270386765
weighting,one_hot_encoding,0.0018568208330940047,True,random_forest,,,,,,,,,,,,,,,,,,,,,,,,,,,,,,,,,,,,,,,,,,,,,,,,,,,,,,,,,,,,,,,,,,,,,False,gini,None,0.7983157215145903,None,0.0,4.0,15.0,0.0,100.0,,,,,,,,,,,,,,,,,,,,,,,,,,,,,8,mean,liblinear_svc_preprocessor,,,,,,,,,,,,,,,,,,,,,,,,,,0.4971515945303584,False,True,1.0,squared_hinge,ovr,l1,0.00010268311046018636,,,,,,,,,,,,,,,,,,,,,,,standardize,,,,
none,no_encoding,,,gradient_boosting,,,,,,,,,,,,,,,,,,,,,,,,,,friedman_mse,0.14159526341015916,deviance,7.0,0.8010488230155749,None,0.0,3.0,20.0,0.0,401.0,0.8073562440607731,,,,,,,,,,,,,,,,,,,,,,,,,,,,,,,,,,,,,,,,,,,,,,,,,,,,,,,,,,,,,,,,,,,,,,9,most_frequent,polynomial,,,,,,,,,,,,,,,,,,,,,,,,,,,,,,,,,,,,,,,,,2.0,True,False,,,,,,,,,,,,,minmax,,,,
weighting,one_hot_encoding,,False,random_forest,,,,,,,,,,,,,,,,,,,,,,,,,,,,,,,,,,,,,,,,,,,,,,,,,,,,,,,,,,,,,,,,,,,,,False,gini,None,0.3469031665162168,None,0.0,4.0,3.0,0.0,100.0,,,,,,,,,,,,,,,,,,,,,,,,,,,,,10,mean,feature_agglomeration,,,,,,,,,,,,,,,euclidean,complete,83.0,median,,,,,,,,,,,,,,,,,,,,,,,,,,,,,,,,,,,,,,minmax,,,,
weighting,one_hot_encoding,0.002385546176068135,True,libsvm_svc,,,,,,,,,,,,,,,,,,,,,,,,,,,,,,,,,,,,,,,,,,,,,,,,,,,,,1.7729472304882845,,,0.0004789329856033374,rbf,-1.0,True,6.58869648864534e-05,,,,,,,,,,,,,,,,,,,,,,,,,,,,,,,,,,,,,,,,,,,,,,,11,mean,feature_agglomeration,,,,,,,,,,,,,,,cosine,complete,177.0,mean,,,,,,,,,,,,,,,,,,,,,,,,,,,,,,,,,,,,,,none,,,,
weighting,no_encoding,,,random_forest,,,,,,,,,,,,,,,,,,,,,,,,,,,,,,,,,,,,,,,,,,,,,,,,,,,,,,,,,,,,,,,,,,,,,False,entropy,None,0.5368752992317617,None,0.0,16.0,11.0,0.0,100.0,,,,,,,,,,,,,,,,,,,,,,,,,,,,,12,mean,select_percentile_classification,,,,,,,,,,,,,,,,,,,,,,,,,,,,,,,,,,,,,,,,,,,,,,,,,,,2.8382117756438685,mutual_info,,,,quantile_transformer,11480.0,normal,,
weighting,no_encoding,,,extra_trees,,,,,,,,,,,,,,,,True,entropy,None,0.8384447520019118,None,0.0,13.0,20.0,0.0,100.0,,,,,,,,,,,,,,,,,,,,,,,,,,,,,,,,,,,,,,,,,,,,,,,,,,,,,,,,,,,,,,,,,,,,,,,,,,,,,,,,,,13,median,select_rates,,,,,,,,,,,,,,,,,,,,,,,,,,,,,,,,,,,,,,,,,,,,,,,,,,,,,0.36637567531287824,fdr,f_classif,normalize,,,,
weighting,no_encoding,,,random_forest,,,,,,,,,,,,,,,,,,,,,,,,,,,,,,,,,,,,,,,,,,,,,,,,,,,,,,,,,,,,,,,,,,,,,True,entropy,None,0.3759438793746945,None,0.0,7.0,18.0,0.0,100.0,,,,,,,,,,,,,,,,,,,,,,,,,,,,,14,most_frequent,select_rates,,,,,,,,,,,,,,,,,,,,,,,,,,,,,,,,,,,,,,,,,,,,,,,,,,,,,0.3689420905780977,fwe,f_classif,quantile_transformer,25061.0,uniform,,
weighting,one_hot_encoding,0.0018568208330940047,True,random_forest,,,,,,,,,,,,,,,,,,,,,,,,,,,,,,,,,,,,,,,,,,,,,,,,,,,,,,,,,,,,,,,,,,,,,False,gini,None,0.7983157215145903,None,0.0,4.0,15.0,0.0,100.0,,,,,,,,,,,,,,,,,,,,,,,,,,,,,15,mean,liblinear_svc_preprocessor,,,,,,,,,,,,,,,,,,,,,,,,,,0.4971515945303584,False,True,1.0,squared_hinge,ovr,l1,0.00010268311046018636,,,,,,,,,,,,,,,,,,,,,,,standardize,,,,
weighting,no_encoding,,,extra_trees,,,,,,,,,,,,,,,,False,gini,None,0.6291601746046639,None,0.0,11.0,19.0,0.0,100.0,,,,,,,,,,,,,,,,,,,,,,,,,,,,,,,,,,,,,,,,,,,,,,,,,,,,,,,,,,,,,,,,,,,,,,,,,,,,,,,,,,16,median,pca,,,,,,,,,,,,,,,,,,,,,,,,,,,,,,,,,,,,,,,0.7146659106968425,True,,,,,,,,,,,,,,,,none,,,,
weighting,one_hot_encoding,,False,gradient_boosting,,,,,,,,,,,,,,,,,,,,,,,,,,mse,0.12713527337147906,deviance,4.0,0.6041596127474019,None,0.0,14.0,17.0,0.0,83.0,0.8426859880999615,,,,,,,,,,,,,,,,,,,,,,,,,,,,,,,,,,,,,,,,,,,,,,,,,,,,,,,,,,,,,,,,,,,,,,17,mean,no_preprocessing,,,,,,,,,,,,,,,,,,,,,,,,,,,,,,,,,,,,,,,,,,,,,,,,,,,,,,,,minmax,,,,
weighting,no_encoding,,,extra_trees,,,,,,,,,,,,,,,,False,entropy,None,0.9455638720565652,None,0.0,1.0,2.0,0.0,100.0,,,,,,,,,,,,,,,,,,,,,,,,,,,,,,,,,,,,,,,,,,,,,,,,,,,,,,,,,,,,,,,,,,,,,,,,,,,,,,,,,,18,most_frequent,fast_ica,,,,,,,,,,,deflation,cube,,False,,,,,,,,,,,,,,,,,,,,,,,,,,,,,,,,,,,,,,,,,,robust_scaler,,,0.8255464552647293,0.19162485555463185
weighting,one_hot_encoding,0.18137532678800647,True,extra_trees,,,,,,,,,,,,,,,,False,gini,None,0.9094110110427254,None,0.0,7.0,12.0,0.0,100.0,,,,,,,,,,,,,,,,,,,,,,,,,,,,,,,,,,,,,,,,,,,,,,,,,,,,,,,,,,,,,,,,,,,,,,,,,,,,,,,,,,19,mean,feature_agglomeration,,,,,,,,,,,,,,,manhattan,complete,195.0,mean,,,,,,,,,,,,,,,,,,,,,,,,,,,,,,,,,,,,,,minmax,,,,
weighting,no_encoding,,,extra_trees,,,,,,,,,,,,,,,,False,gini,None,0.6682079659377479,None,0.0,4.0,8.0,0.0,100.0,,,,,,,,,,,,,,,,,,,,,,,,,,,,,,,,,,,,,,,,,,,,,,,,,,,,,,,,,,,,,,,,,,,,,,,,,,,,,,,,,,20,mean,extra_trees_preproc_for_classification,True,entropy,None,0.5552350997943013,None,0.0,8.0,5.0,0.0,100.0,,,,,,,,,,,,,,,,,,,,,,,,,,,,,,,,,,,,,,,,,,,,,,standardize,,,,
weighting,one_hot_encoding,0.0005560197158932037,True,sgd,,,,,,,,,,,,,,,,,,,,,,,,,,,,,,,,,,,,,,,,,,,,,,,,,,,,,,,,,,,,,,,,,,,,,,,,,,,,,,,0.00010000000000000026,False,,0.01,True,,invscaling,log,l2,0.25,0.00010000000000000009,,,,,,,,,,,,,,,,,,21,mean,liblinear_svc_preprocessor,,,,,,,,,,,,,,,,,,,,,,,,,,1392.583799745855,False,True,1.0,squared_hinge,ovr,l1,0.0034975921213842307,,,,,,,,,,,,,,,,,,,,,,,quantile_transformer,49486.0,normal,,
none,one_hot_encoding,0.02345017287074443,True,gradient_boosting,,,,,,,,,,,,,,,,,,,,,,,,,,mse,0.053517066400173056,deviance,10.0,0.542144980834302,None,0.0,20.0,13.0,0.0,233.0,0.7398539900055563,,,,,,,,,,,,,,,,,,,,,,,,,,,,,,,,,,,,,,,,,,,,,,,,,,,,,,,,,,,,,,,,,,,,,,22,mean,select_rates,,,,,,,,,,,,,,,,,,,,,,,,,,,,,,,,,,,,,,,,,,,,,,,,,,,,,0.0614425536709615,fwe,f_classif,robust_scaler,,,0.9523118062307264,0.13434811490315818
weighting,no_encoding,,,random_forest,,,,,,,,,,,,,,,,,,,,,,,,,,,,,,,,,,,,,,,,,,,,,,,,,,,,,,,,,,,,,,,,,,,,,True,gini,None,0.8149627329153046,None,0.0,15.0,11.0,0.0,100.0,,,,,,,,,,,,,,,,,,,,,,,,,,,,,23,most_frequent,polynomial,,,,,,,,,,,,,,,,,,,,,,,,,,,,,,,,,,,,,,,,,3.0,True,False,,,,,,,,,,,,,quantile_transformer,1000.0,uniform,,
none,no_encoding,,,gradient_boosting,,,,,,,,,,,,,,,,,,,,,,,,,,friedman_mse,0.040936424602789435,deviance,7.0,0.5495014745530306,None,0.0,20.0,18.0,0.0,141.0,0.6905343807995293,,,,,,,,,,,,,,,,,,,,,,,,,,,,,,,,,,,,,,,,,,,,,,,,,,,,,,,,,,,,,,,,,,,,,,24,most_frequent,polynomial,,,,,,,,,,,,,,,,,,,,,,,,,,,,,,,,,,,,,,,,,3.0,True,False,,,,,,,,,,,,,robust_scaler,,,0.75,0.25
weighting,one_hot_encoding,0.010000000000000005,True,extra_trees,,,,,,,,,,,,,,,,False,entropy,None,0.9641046312686136,None,0.0,18.0,12.0,0.0,100.0,,,,,,,,,,,,,,,,,,,,,,,,,,,,,,,,,,,,,,,,,,,,,,,,,,,,,,,,,,,,,,,,,,,,,,,,,,,,,,,,,,25,median,no_preprocessing,,,,,,,,,,,,,,,,,,,,,,,,,,,,,,,,,,,,,,,,,,,,,,,,,,,,,,,,robust_scaler,,,0.8622423450611333,0.2960428898664952
weighting,one_hot_encoding,0.00034835629696198427,True,gaussian_nb,,,,,,,,,,,,,,,,,,,,,,,,,,,,,,,,,,,,,,,,,,,,,,,,,,,,,,,,,,,,,,,,,,,,,,,,,,,,,,,,,,,,,,,,,,,,,,,,,,,,,,,,,,,26,mean,no_preprocessing,,,,,,,,,,,,,,,,,,,,,,,,,,,,,,,,,,,,,,,,,,,,,,,,,,,,,,,,robust_scaler,,,0.8245132980938538,0.08947420373097192
weighting,one_hot_encoding,,False,libsvm_svc,,,,,,,,,,,,,,,,,,,,,,,,,,,,,,,,,,,,,,,,,,,,,,,,,,,,,1.2398150931290834,,,0.4015139801872962,rbf,-1.0,False,2.402997750662158e-05,,,,,,,,,,,,,,,,,,,,,,,,,,,,,,,,,,,,,,,,,,,,,,,27,mean,select_percentile_classification,,,,,,,,,,,,,,,,,,,,,,,,,,,,,,,,,,,,,,,,,,,,,,,,,,,88.40698357592571,chi2,,,,normalize,,,,
weighting,one_hot_encoding,,False,gradient_boosting,,,,,,,,,,,,,,,,,,,,,,,,,,mse,0.1958974686405233,deviance,5.0,0.33885235607979314,None,0.0,6.0,4.0,0.0,125.0,0.9448890820738562,,,,,,,,,,,,,,,,,,,,,,,,,,,,,,,,,,,,,,,,,,,,,,,,,,,,,,,,,,,,,,,,,,,,,,28,median,polynomial,,,,,,,,,,,,,,,,,,,,,,,,,,,,,,,,,,,,,,,,,2.0,False,False,,,,,,,,,,,,,none,,,,
weighting,one_hot_encoding,,False,passive_aggressive,,,,,,,,,,,,,,,,,,,,,,,,,,,,,,,,,,,,,,,,,,,,,,,,,,,,,,,,,,,,,,,1.2538107344750156,False,True,hinge,1.5099542326343014e-05,,,,,,,,,,,,,,,,,,,,,,,,,,,,,,,,,,,,,,,,29,median,nystroem_sampler,,,,,,,,,,,,,,,,,,,,,,,,,,,,,,,,,,,,,cosine,8532.0,,,,,,,,,,,,,,,,,,none,,,,
weighting,one_hot_encoding,0.0007038280350320558,True,libsvm_svc,,,,,,,,,,,,,,,,,,,,,,,,,,,,,,,,,,,,,,,,,,,,,,,,,,,,,0.4138778052607317,0.7995003430482459,5.0,5.430044692638861,poly,-1.0,True,0.02455501006004393,,,,,,,,,,,,,,,,,,,,,,,,,,,,,,,,,,,,,,,,,,,,,,,30,most_frequent,no_preprocessing,,,,,,,,,,,,,,,,,,,,,,,,,,,,,,,,,,,,,,,,,,,,,,,,,,,,,,,,normalize,,,,
none,one_hot_encoding,0.01,True,random_forest,,,,,,,,,,,,,,,,,,,,,,,,,,,,,,,,,,,,,,,,,,,,,,,,,,,,,,,,,,,,,,,,,,,,,True,gini,None,0.5,None,0.0,1.0,2.0,0.0,100.0,,,,,,,,,,,,,,,,,,,,,,,,,,,,,31,mean,no_preprocessing,,,,,,,,,,,,,,,,,,,,,,,,,,,,,,,,,,,,,,,,,,,,,,,,,,,,,,,,standardize,,,,
weighting,no_encoding,,,gradient_boosting,,,,,,,,,,,,,,,,,,,,,,,,,,friedman_mse,0.04749094903835669,deviance,3.0,0.6184047395714717,None,0.0,17.0,8.0,0.0,428.0,0.7515561640094087,,,,,,,,,,,,,,,,,,,,,,,,,,,,,,,,,,,,,,,,,,,,,,,,,,,,,,,,,,,,,,,,,,,,,,32,median,no_preprocessing,,,,,,,,,,,,,,,,,,,,,,,,,,,,,,,,,,,,,,,,,,,,,,,,,,,,,,,,standardize,,,,
none,one_hot_encoding,,False,extra_trees,,,,,,,,,,,,,,,,False,gini,None,0.5,None,0.0,1.0,2.0,0.0,100.0,,,,,,,,,,,,,,,,,,,,,,,,,,,,,,,,,,,,,,,,,,,,,,,,,,,,,,,,,,,,,,,,,,,,,,,,,,,,,,,,,,33,mean,no_preprocessing,,,,,,,,,,,,,,,,,,,,,,,,,,,,,,,,,,,,,,,,,,,,,,,,,,,,,,,,none,,,,
none,one_hot_encoding,,False,adaboost,SAMME,0.4391375941344922,3.0,386.0,,,,,,,,,,,,,,,,,,,,,,,,,,,,,,,,,,,,,,,,,,,,,,,,,,,,,,,,,,,,,,,,,,,,,,,,,,,,,,,,,,,,,,,,,,,,,,,,,,,,,,,34,mean,fast_ica,,,,,,,,,,,deflation,cube,,False,,,,,,,,,,,,,,,,,,,,,,,,,,,,,,,,,,,,,,,,,,robust_scaler,,,0.7439738358430176,0.20581080574615795
none,one_hot_encoding,0.00011294596229850895,True,libsvm_svc,,,,,,,,,,,,,,,,,,,,,,,,,,,,,,,,,,,,,,,,,,,,,,,,,,,,,7515.1213255144885,0.9576762936062476,3.0,0.019002536385919932,poly,-1.0,False,0.010632086351533369,,,,,,,,,,,,,,,,,,,,,,,,,,,,,,,,,,,,,,,,,,,,,,,35,mean,feature_agglomeration,,,,,,,,,,,,,,,euclidean,average,51.0,mean,,,,,,,,,,,,,,,,,,,,,,,,,,,,,,,,,,,,,,quantile_transformer,97282.0,normal,,
none,one_hot_encoding,0.00012586572428922356,True,random_forest,,,,,,,,,,,,,,,,,,,,,,,,,,,,,,,,,,,,,,,,,,,,,,,,,,,,,,,,,,,,,,,,,,,,,True,gini,None,0.5240592829918601,None,0.0,10.0,16.0,0.0,100.0,,,,,,,,,,,,,,,,,,,,,,,,,,,,,36,mean,no_preprocessing,,,,,,,,,,,,,,,,,,,,,,,,,,,,,,,,,,,,,,,,,,,,,,,,,,,,,,,,normalize,,,,
none,one_hot_encoding,0.01,True,random_forest,,,,,,,,,,,,,,,,,,,,,,,,,,,,,,,,,,,,,,,,,,,,,,,,,,,,,,,,,,,,,,,,,,,,,True,gini,None,0.5,None,0.0,1.0,2.0,0.0,100.0,,,,,,,,,,,,,,,,,,,,,,,,,,,,,37,mean,no_preprocessing,,,,,,,,,,,,,,,,,,,,,,,,,,,,,,,,,,,,,,,,,,,,,,,,,,,,,,,,standardize,,,,
weighting,no_encoding,,,random_forest,,,,,,,,,,,,,,,,,,,,,,,,,,,,,,,,,,,,,,,,,,,,,,,,,,,,,,,,,,,,,,,,,,,,,True,entropy,None,0.15944469021885255,None,0.0,18.0,19.0,0.0,100.0,,,,,,,,,,,,,,,,,,,,,,,,,,,,,38,most_frequent,feature_agglomeration,,,,,,,,,,,,,,,cosine,average,14.0,median,,,,,,,,,,,,,,,,,,,,,,,,,,,,,,,,,,,,,,quantile_transformer,6315.0,uniform,,
weighting,one_hot_encoding,0.03192699980429505,True,adaboost,SAMME.R,0.10000000000000002,1.0,50.0,,,,,,,,,,,,,,,,,,,,,,,,,,,,,,,,,,,,,,,,,,,,,,,,,,,,,,,,,,,,,,,,,,,,,,,,,,,,,,,,,,,,,,,,,,,,,,,,,,,,,,,39,mean,select_rates,,,,,,,,,,,,,,,,,,,,,,,,,,,,,,,,,,,,,,,,,,,,,,,,,,,,,0.1,fpr,chi2,quantile_transformer,8407.0,normal,,
weighting,one_hot_encoding,,False,libsvm_svc,,,,,,,,,,,,,,,,,,,,,,,,,,,,,,,,,,,,,,,,,,,,,,,,,,,,,1751.4736515133566,0.62404114475118,3.0,1.6087076997410432,poly,-1.0,False,3.5353792826856045e-05,,,,,,,,,,,,,,,,,,,,,,,,,,,,,,,,,,,,,,,,,,,,,,,40,mean,kernel_pca,,,,,,,,,,,,,,,,,,,,,,cosine,1198.0,,,,,,,,,,,,,,,,,,,,,,,,,,,,,,,,,normalize,,,,
weighting,no_encoding,,,decision_tree,,,,,,,entropy,0.2422926485206341,,1.0,None,0.0,15.0,9.0,0.0,,,,,,,,,,,,,,,,,,,,,,,,,,,,,,,,,,,,,,,,,,,,,,,,,,,,,,,,,,,,,,,,,,,,,,,,,,,,,,,,,,,,,,,,,,,,41,median,no_preprocessing,,,,,,,,,,,,,,,,,,,,,,,,,,,,,,,,,,,,,,,,,,,,,,,,,,,,,,,,minmax,,,,
none,no_encoding,,,gradient_boosting,,,,,,,,,,,,,,,,,,,,,,,,,,mse,0.02102683283349326,deviance,10.0,0.2797288369369436,None,0.0,14.0,9.0,0.0,480.0,0.5778972273820631,,,,,,,,,,,,,,,,,,,,,,,,,,,,,,,,,,,,,,,,,,,,,,,,,,,,,,,,,,,,,,,,,,,,,,42,mean,select_percentile_classification,,,,,,,,,,,,,,,,,,,,,,,,,,,,,,,,,,,,,,,,,,,,,,,,,,,58.88123233170863,mutual_info,,,,robust_scaler,,,0.75,0.25
weighting,no_encoding,,,extra_trees,,,,,,,,,,,,,,,,False,entropy,None,0.9541039630394388,None,0.0,16.0,14.0,0.0,100.0,,,,,,,,,,,,,,,,,,,,,,,,,,,,,,,,,,,,,,,,,,,,,,,,,,,,,,,,,,,,,,,,,,,,,,,,,,,,,,,,,,43,most_frequent,extra_trees_preproc_for_classification,True,entropy,None,0.9082628722828776,None,0.0,2.0,18.0,0.0,100.0,,,,,,,,,,,,,,,,,,,,,,,,,,,,,,,,,,,,,,,,,,,,,,none,,,,
none,one_hot_encoding,,False,gradient_boosting,,,,,,,,,,,,,,,,,,,,,,,,,,mse,0.2155613360930585,deviance,4.0,0.3198803116198433,None,0.0,8.0,13.0,0.0,275.0,0.28870176110739404,,,,,,,,,,,,,,,,,,,,,,,,,,,,,,,,,,,,,,,,,,,,,,,,,,,,,,,,,,,,,,,,,,,,,,44,mean,fast_ica,,,,,,,,,,,parallel,logcosh,,False,,,,,,,,,,,,,,,,,,,,,,,,,,,,,,,,,,,,,,,,,,standardize,,,,
none,one_hot_encoding,0.010000000000000005,True,extra_trees,,,,,,,,,,,,,,,,True,entropy,None,0.7062102387181676,None,0.0,1.0,20.0,0.0,100.0,,,,,,,,,,,,,,,,,,,,,,,,,,,,,,,,,,,,,,,,,,,,,,,,,,,,,,,,,,,,,,,,,,,,,,,,,,,,,,,,,,45,most_frequent,fast_ica,,,,,,,,,,,parallel,exp,100.0,True,,,,,,,,,,,,,,,,,,,,,,,,,,,,,,,,,,,,,,,,,,robust_scaler,,,0.7065776353150109,0.23782974987118105
weighting,one_hot_encoding,,False,random_forest,,,,,,,,,,,,,,,,,,,,,,,,,,,,,,,,,,,,,,,,,,,,,,,,,,,,,,,,,,,,,,,,,,,,,True,gini,None,0.3233601927284725,None,0.0,3.0,18.0,0.0,100.0,,,,,,,,,,,,,,,,,,,,,,,,,,,,,46,median,select_rates,,,,,,,,,,,,,,,,,,,,,,,,,,,,,,,,,,,,,,,,,,,,,,,,,,,,,0.2991312911384725,fdr,chi2,normalize,,,,
none,one_hot_encoding,,False,gradient_boosting,,,,,,,,,,,,,,,,,,,,,,,,,,mse,0.3795924768593385,deviance,2.0,0.33708497069988536,None,0.0,15.0,13.0,0.0,451.0,0.7716323242090217,,,,,,,,,,,,,,,,,,,,,,,,,,,,,,,,,,,,,,,,,,,,,,,,,,,,,,,,,,,,,,,,,,,,,,47,most_frequent,select_rates,,,,,,,,,,,,,,,,,,,,,,,,,,,,,,,,,,,,,,,,,,,,,,,,,,,,,0.2573946506994812,fwe,f_classif,quantile_transformer,1000.0,uniform,,
weighting,one_hot_encoding,,False,extra_trees,,,,,,,,,,,,,,,,False,gini,None,0.609975998293528,None,0.0,1.0,2.0,0.0,100.0,,,,,,,,,,,,,,,,,,,,,,,,,,,,,,,,,,,,,,,,,,,,,,,,,,,,,,,,,,,,,,,,,,,,,,,,,,,,,,,,,,48,most_frequent,fast_ica,,,,,,,,,,,parallel,logcosh,2000.0,True,,,,,,,,,,,,,,,,,,,,,,,,,,,,,,,,,,,,,,,,,,robust_scaler,,,0.8430415644014919,0.2863750565331575
none,one_hot_encoding,,False,extra_trees,,,,,,,,,,,,,,,,False,entropy,None,0.39536192447534535,None,0.0,19.0,3.0,0.0,100.0,,,,,,,,,,,,,,,,,,,,,,,,,,,,,,,,,,,,,,,,,,,,,,,,,,,,,,,,,,,,,,,,,,,,,,,,,,,,,,,,,,49,most_frequent,random_trees_embedding,,,,,,,,,,,,,,,,,,,,,,,,,,,,,,,,,,,,,,,,,,,,False,5.0,None,11.0,11.0,1.0,12.0,,,,,,robust_scaler,,,0.8928631650245873,0.1581877760687084
weighting,one_hot_encoding,0.0010446150978844174,True,extra_trees,,,,,,,,,,,,,,,,False,gini,None,0.2100039691650936,None,0.0,19.0,17.0,0.0,100.0,,,,,,,,,,,,,,,,,,,,,,,,,,,,,,,,,,,,,,,,,,,,,,,,,,,,,,,,,,,,,,,,,,,,,,,,,,,,,,,,,,50,most_frequent,random_trees_embedding,,,,,,,,,,,,,,,,,,,,,,,,,,,,,,,,,,,,,,,,,,,,True,10.0,None,3.0,18.0,1.0,42.0,,,,,,quantile_transformer,44341.0,uniform,,
weighting,one_hot_encoding,0.3126027672745337,True,k_nearest_neighbors,,,,,,,,,,,,,,,,,,,,,,,,,,,,,,,,,,,,,,2.0,2.0,uniform,,,,,,,,,,,,,,,,,,,,,,,,,,,,,,,,,,,,,,,,,,,,,,,,,,,,,,,,,,,,,,,,,,,51,median,no_preprocessing,,,,,,,,,,,,,,,,,,,,,,,,,,,,,,,,,,,,,,,,,,,,,,,,,,,,,,,,minmax,,,,
weighting,no_encoding,,,libsvm_svc,,,,,,,,,,,,,,,,,,,,,,,,,,,,,,,,,,,,,,,,,,,,,,,,,,,,,1100.6211008501205,0.5921425829232616,2.0,0.0337546254878617,poly,-1.0,True,0.09641299736884308,,,,,,,,,,,,,,,,,,,,,,,,,,,,,,,,,,,,,,,,,,,,,,,52,mean,no_preprocessing,,,,,,,,,,,,,,,,,,,,,,,,,,,,,,,,,,,,,,,,,,,,,,,,,,,,,,,,standardize,,,,
weighting,one_hot_encoding,,False,sgd,,,,,,,,,,,,,,,,,,,,,,,,,,,,,,,,,,,,,,,,,,,,,,,,,,,,,,,,,,,,,,,,,,,,,,,,,,,,,,,1.2507440474920336e-05,True,,0.049622652766554566,True,0.009105043727227265,constant,squared_hinge,elasticnet,,0.00010112719671669047,,,,,,,,,,,,,,,,,,53,mean,select_percentile_classification,,,,,,,,,,,,,,,,,,,,,,,,,,,,,,,,,,,,,,,,,,,,,,,,,,,61.69949680034141,chi2,,,,none,,,,
none,one_hot_encoding,,False,libsvm_svc,,,,,,,,,,,,,,,,,,,,,,,,,,,,,,,,,,,,,,,,,,,,,,,,,,,,,82.27108214899228,,,0.9348409326933208,rbf,-1.0,False,0.00090919103756734,,,,,,,,,,,,,,,,,,,,,,,,,,,,,,,,,,,,,,,,,,,,,,,54,mean,kernel_pca,,,,,,,,,,,,,,,,,,,,,,cosine,1754.0,,,,,,,,,,,,,,,,,,,,,,,,,,,,,,,,,normalize,,,,
none,one_hot_encoding,0.010488491664540746,True,qda,,,,,,,,,,,,,,,,,,,,,,,,,,,,,,,,,,,,,,,,,,,,,,,,,,,,,,,,,,,,,,,,,,,,0.6793271069375356,,,,,,,,,,,,,,,,,,,,,,,,,,,,,,,,,,,,,,,55,mean,select_rates,,,,,,,,,,,,,,,,,,,,,,,,,,,,,,,,,,,,,,,,,,,,,,,,,,,,,0.0903156116813716,fdr,f_classif,robust_scaler,,,0.976245783323518,0.2189244634478133
weighting,one_hot_encoding,0.010000000000000005,True,gradient_boosting,,,,,,,,,,,,,,,,,,,,,,,,,,mse,0.011886849251540706,deviance,10.0,0.716738790505292,None,0.0,5.0,6.0,0.0,472.0,0.9128424273302038,,,,,,,,,,,,,,,,,,,,,,,,,,,,,,,,,,,,,,,,,,,,,,,,,,,,,,,,,,,,,,,,,,,,,,56,mean,no_preprocessing,,,,,,,,,,,,,,,,,,,,,,,,,,,,,,,,,,,,,,,,,,,,,,,,,,,,,,,,minmax,,,,
weighting,no_encoding,,,liblinear_svc,,,,,,,,,,,,,,,,,,,,,,,,,,,,,,,,,,,,,,,,,,,,,198.72528686512538,False,True,1.0,squared_hinge,ovr,l2,0.026260652523566803,,,,,,,,,,,,,,,,,,,,,,,,,,,,,,,,,,,,,,,,,,,,,,,,,,,,,,,57,median,polynomial,,,,,,,,,,,,,,,,,,,,,,,,,,,,,,,,,,,,,,,,,2.0,False,False,,,,,,,,,,,,,robust_scaler,,,0.913511520078368,0.2742229325455444
none,one_hot_encoding,,False,random_forest,,,,,,,,,,,,,,,,,,,,,,,,,,,,,,,,,,,,,,,,,,,,,,,,,,,,,,,,,,,,,,,,,,,,,True,gini,None,0.9260795160807372,None,0.0,17.0,7.0,0.0,100.0,,,,,,,,,,,,,,,,,,,,,,,,,,,,,58,mean,no_preprocessing,,,,,,,,,,,,,,,,,,,,,,,,,,,,,,,,,,,,,,,,,,,,,,,,,,,,,,,,minmax,,,,
weighting,one_hot_encoding,0.03644212536682547,True,gradient_boosting,,,,,,,,,,,,,,,,,,,,,,,,,,friedman_mse,0.05965671477918361,deviance,8.0,0.4858133247974158,None,0.0,14.0,7.0,0.0,480.0,0.5726186552917335,,,,,,,,,,,,,,,,,,,,,,,,,,,,,,,,,,,,,,,,,,,,,,,,,,,,,,,,,,,,,,,,,,,,,,59,most_frequent,no_preprocessing,,,,,,,,,,,,,,,,,,,,,,,,,,,,,,,,,,,,,,,,,,,,,,,,,,,,,,,,robust_scaler,,,0.75,0.15318294164619112
none,one_hot_encoding,,False,libsvm_svc,,,,,,,,,,,,,,,,,,,,,,,,,,,,,,,,,,,,,,,,,,,,,,,,,,,,,18887.81504976871,,,0.23283562663398755,rbf,-1.0,True,2.3839685780861318e-05,,,,,,,,,,,,,,,,,,,,,,,,,,,,,,,,,,,,,,,,,,,,,,,60,median,select_rates,,,,,,,,,,,,,,,,,,,,,,,,,,,,,,,,,,,,,,,,,,,,,,,,,,,,,0.3937607155568376,fwe,chi2,robust_scaler,,,0.941018778984854,0.2144110585080491
none,one_hot_encoding,0.01,True,random_forest,,,,,,,,,,,,,,,,,,,,,,,,,,,,,,,,,,,,,,,,,,,,,,,,,,,,,,,,,,,,,,,,,,,,,True,gini,None,0.5,None,0.0,1.0,2.0,0.0,100.0,,,,,,,,,,,,,,,,,,,,,,,,,,,,,61,mean,no_preprocessing,,,,,,,,,,,,,,,,,,,,,,,,,,,,,,,,,,,,,,,,,,,,,,,,,,,,,,,,standardize,,,,
none,one_hot_encoding,,False,libsvm_svc,,,,,,,,,,,,,,,,,,,,,,,,,,,,,,,,,,,,,,,,,,,,,,,,,,,,,6.3428971645958825,,,0.2229870623330047,rbf,-1.0,False,2.006345264381097e-05,,,,,,,,,,,,,,,,,,,,,,,,,,,,,,,,,,,,,,,,,,,,,,,62,most_frequent,no_preprocessing,,,,,,,,,,,,,,,,,,,,,,,,,,,,,,,,,,,,,,,,,,,,,,,,,,,,,,,,standardize,,,,
none,one_hot_encoding,0.01,True,random_forest,,,,,,,,,,,,,,,,,,,,,,,,,,,,,,,,,,,,,,,,,,,,,,,,,,,,,,,,,,,,,,,,,,,,,True,gini,None,0.5,None,0.0,1.0,2.0,0.0,100.0,,,,,,,,,,,,,,,,,,,,,,,,,,,,,63,mean,no_preprocessing,,,,,,,,,,,,,,,,,,,,,,,,,,,,,,,,,,,,,,,,,,,,,,,,,,,,,,,,standardize,,,,
weighting,one_hot_encoding,0.006909187206474195,True,sgd,,,,,,,,,,,,,,,,,,,,,,,,,,,,,,,,,,,,,,,,,,,,,,,,,,,,,,,,,,,,,,,,,,,,,,,,,,,,,,,0.00024264014379190562,True,,0.04987297125937914,True,,optimal,hinge,l2,,4.0861541221464815e-05,,,,,,,,,,,,,,,,,,64,most_frequent,liblinear_svc_preprocessor,,,,,,,,,,,,,,,,,,,,,,,,,,0.05153104953418389,False,True,1.0,squared_hinge,ovr,l1,0.0001939386474290285,,,,,,,,,,,,,,,,,,,,,,,minmax,,,,
weighting,one_hot_encoding,0.003566024581260295,True,random_forest,,,,,,,,,,,,,,,,,,,,,,,,,,,,,,,,,,,,,,,,,,,,,,,,,,,,,,,,,,,,,,,,,,,,,False,entropy,None,0.7974297391104296,None,0.0,5.0,8.0,0.0,100.0,,,,,,,,,,,,,,,,,,,,,,,,,,,,,65,median,select_percentile_classification,,,,,,,,,,,,,,,,,,,,,,,,,,,,,,,,,,,,,,,,,,,,,,,,,,,50.0,f_classif,,,,standardize,,,,
weighting,one_hot_encoding,,False,passive_aggressive,,,,,,,,,,,,,,,,,,,,,,,,,,,,,,,,,,,,,,,,,,,,,,,,,,,,,,,,,,,,,,,0.00016781524591321165,True,True,squared_hinge,1.5119200923218881e-05,,,,,,,,,,,,,,,,,,,,,,,,,,,,,,,,,,,,,,,,66,median,no_preprocessing,,,,,,,,,,,,,,,,,,,,,,,,,,,,,,,,,,,,,,,,,,,,,,,,,,,,,,,,none,,,,
none,one_hot_encoding,,False,libsvm_svc,,,,,,,,,,,,,,,,,,,,,,,,,,,,,,,,,,,,,,,,,,,,,,,,,,,,,5.349459944355116,,,0.00024028983491736645,rbf,-1.0,True,1.139421622432356e-05,,,,,,,,,,,,,,,,,,,,,,,,,,,,,,,,,,,,,,,,,,,,,,,67,mean,select_rates,,,,,,,,,,,,,,,,,,,,,,,,,,,,,,,,,,,,,,,,,,,,,,,,,,,,,0.3636266268105085,fwe,chi2,none,,,,
weighting,one_hot_encoding,0.00034835629696198427,True,gaussian_nb,,,,,,,,,,,,,,,,,,,,,,,,,,,,,,,,,,,,,,,,,,,,,,,,,,,,,,,,,,,,,,,,,,,,,,,,,,,,,,,,,,,,,,,,,,,,,,,,,,,,,,,,,,,68,mean,no_preprocessing,,,,,,,,,,,,,,,,,,,,,,,,,,,,,,,,,,,,,,,,,,,,,,,,,,,,,,,,robust_scaler,,,0.8245132980938538,0.08947420373097192
weighting,one_hot_encoding,0.00016967940959070708,True,extra_trees,,,,,,,,,,,,,,,,False,entropy,None,0.9439080311935252,None,0.0,2.0,8.0,0.0,100.0,,,,,,,,,,,,,,,,,,,,,,,,,,,,,,,,,,,,,,,,,,,,,,,,,,,,,,,,,,,,,,,,,,,,,,,,,,,,,,,,,,69,mean,polynomial,,,,,,,,,,,,,,,,,,,,,,,,,,,,,,,,,,,,,,,,,2.0,True,False,,,,,,,,,,,,,standardize,,,,
none,no_encoding,,,lda,,,,,,,,,,,,,,,,,,,,,,,,,,,,,,,,,,,,,,,,,170.0,None,,0.014191958374153584,,,,,,,,,,,,,,,,,,,,,,,,,,,,,,,,,,,,,,,,,,,,,,,,,,,,,,,,,,,,,,,70,most_frequent,polynomial,,,,,,,,,,,,,,,,,,,,,,,,,,,,,,,,,,,,,,,,,2.0,False,True,,,,,,,,,,,,,minmax,,,,
weighting,no_encoding,,,extra_trees,,,,,,,,,,,,,,,,False,gini,None,0.9940718718674404,None,0.0,15.0,17.0,0.0,100.0,,,,,,,,,,,,,,,,,,,,,,,,,,,,,,,,,,,,,,,,,,,,,,,,,,,,,,,,,,,,,,,,,,,,,,,,,,,,,,,,,,71,most_frequent,no_preprocessing,,,,,,,,,,,,,,,,,,,,,,,,,,,,,,,,,,,,,,,,,,,,,,,,,,,,,,,,robust_scaler,,,0.75,0.25
weighting,no_encoding,,,gradient_boosting,,,,,,,,,,,,,,,,,,,,,,,,,,mse,0.05347123056931161,deviance,3.0,0.2250677489759125,None,0.0,16.0,4.0,0.0,309.0,0.7245595517718859,,,,,,,,,,,,,,,,,,,,,,,,,,,,,,,,,,,,,,,,,,,,,,,,,,,,,,,,,,,,,,,,,,,,,,72,most_frequent,select_rates,,,,,,,,,,,,,,,,,,,,,,,,,,,,,,,,,,,,,,,,,,,,,,,,,,,,,0.19466188848884064,fdr,chi2,standardize,,,,
none,no_encoding,,,k_nearest_neighbors,,,,,,,,,,,,,,,,,,,,,,,,,,,,,,,,,,,,,,4.0,2.0,uniform,,,,,,,,,,,,,,,,,,,,,,,,,,,,,,,,,,,,,,,,,,,,,,,,,,,,,,,,,,,,,,,,,,,73,mean,select_rates,,,,,,,,,,,,,,,,,,,,,,,,,,,,,,,,,,,,,,,,,,,,,,,,,,,,,0.1,fpr,chi2,normalize,,,,
none,one_hot_encoding,,False,qda,,,,,,,,,,,,,,,,,,,,,,,,,,,,,,,,,,,,,,,,,,,,,,,,,,,,,,,,,,,,,,,,,,,,0.6396026761675004,,,,,,,,,,,,,,,,,,,,,,,,,,,,,,,,,,,,,,,74,mean,select_rates,,,,,,,,,,,,,,,,,,,,,,,,,,,,,,,,,,,,,,,,,,,,,,,,,,,,,0.06544340428506021,fwe,f_classif,none,,,,
weighting,one_hot_encoding,0.005326467497783115,True,libsvm_svc,,,,,,,,,,,,,,,,,,,,,,,,,,,,,,,,,,,,,,,,,,,,,,,,,,,,,4.058055900067082,,,0.1626688094236879,rbf,-1.0,True,0.048381159429370636,,,,,,,,,,,,,,,,,,,,,,,,,,,,,,,,,,,,,,,,,,,,,,,75,mean,no_preprocessing,,,,,,,,,,,,,,,,,,,,,,,,,,,,,,,,,,,,,,,,,,,,,,,,,,,,,,,,normalize,,,,
weighting,no_encoding,,,extra_trees,,,,,,,,,,,,,,,,True,entropy,None,0.9188519169916218,None,0.0,1.0,5.0,0.0,100.0,,,,,,,,,,,,,,,,,,,,,,,,,,,,,,,,,,,,,,,,,,,,,,,,,,,,,,,,,,,,,,,,,,,,,,,,,,,,,,,,,,76,median,fast_ica,,,,,,,,,,,parallel,cube,306.0,True,,,,,,,,,,,,,,,,,,,,,,,,,,,,,,,,,,,,,,,,,,standardize,,,,
weighting,no_encoding,,,k_nearest_neighbors,,,,,,,,,,,,,,,,,,,,,,,,,,,,,,,,,,,,,,59.0,1.0,distance,,,,,,,,,,,,,,,,,,,,,,,,,,,,,,,,,,,,,,,,,,,,,,,,,,,,,,,,,,,,,,,,,,,77,most_frequent,liblinear_svc_preprocessor,,,,,,,,,,,,,,,,,,,,,,,,,,8074.423891892491,False,True,1.0,squared_hinge,ovr,l1,0.003592235404478327,,,,,,,,,,,,,,,,,,,,,,,standardize,,,,
weighting,one_hot_encoding,0.3837398524575939,True,gradient_boosting,,,,,,,,,,,,,,,,,,,,,,,,,,mse,0.018356703878357986,deviance,3.0,0.9690352514774068,None,0.0,12.0,3.0,0.0,234.0,0.3870344708308441,,,,,,,,,,,,,,,,,,,,,,,,,,,,,,,,,,,,,,,,,,,,,,,,,,,,,,,,,,,,,,,,,,,,,,78,most_frequent,polynomial,,,,,,,,,,,,,,,,,,,,,,,,,,,,,,,,,,,,,,,,,2.0,False,True,,,,,,,,,,,,,minmax,,,,
weighting,one_hot_encoding,,False,random_forest,,,,,,,,,,,,,,,,,,,,,,,,,,,,,,,,,,,,,,,,,,,,,,,,,,,,,,,,,,,,,,,,,,,,,False,entropy,None,0.4932996544760619,None,0.0,2.0,20.0,0.0,100.0,,,,,,,,,,,,,,,,,,,,,,,,,,,,,79,mean,feature_agglomeration,,,,,,,,,,,,,,,manhattan,average,340.0,median,,,,,,,,,,,,,,,,,,,,,,,,,,,,,,,,,,,,,,standardize,,,,
none,one_hot_encoding,0.010000000000000005,True,k_nearest_neighbors,,,,,,,,,,,,,,,,,,,,,,,,,,,,,,,,,,,,,,1.0,1.0,uniform,,,,,,,,,,,,,,,,,,,,,,,,,,,,,,,,,,,,,,,,,,,,,,,,,,,,,,,,,,,,,,,,,,,80,most_frequent,pca,,,,,,,,,,,,,,,,,,,,,,,,,,,,,,,,,,,,,,,0.6864970915330799,False,,,,,,,,,,,,,,,,normalize,,,,
weighting,one_hot_encoding,0.0001486770773839718,True,random_forest,,,,,,,,,,,,,,,,,,,,,,,,,,,,,,,,,,,,,,,,,,,,,,,,,,,,,,,,,,,,,,,,,,,,,False,gini,None,0.5256280540657592,None,0.0,8.0,12.0,0.0,100.0,,,,,,,,,,,,,,,,,,,,,,,,,,,,,81,mean,polynomial,,,,,,,,,,,,,,,,,,,,,,,,,,,,,,,,,,,,,,,,,3.0,True,False,,,,,,,,,,,,,minmax,,,,
weighting,no_encoding,,,extra_trees,,,,,,,,,,,,,,,,False,gini,None,0.5670424455696162,None,0.0,8.0,16.0,0.0,100.0,,,,,,,,,,,,,,,,,,,,,,,,,,,,,,,,,,,,,,,,,,,,,,,,,,,,,,,,,,,,,,,,,,,,,,,,,,,,,,,,,,82,median,polynomial,,,,,,,,,,,,,,,,,,,,,,,,,,,,,,,,,,,,,,,,,3.0,True,False,,,,,,,,,,,,,minmax,,,,
none,one_hot_encoding,0.01,True,random_forest,,,,,,,,,,,,,,,,,,,,,,,,,,,,,,,,,,,,,,,,,,,,,,,,,,,,,,,,,,,,,,,,,,,,,True,gini,None,0.5,None,0.0,1.0,2.0,0.0,100.0,,,,,,,,,,,,,,,,,,,,,,,,,,,,,83,mean,no_preprocessing,,,,,,,,,,,,,,,,,,,,,,,,,,,,,,,,,,,,,,,,,,,,,,,,,,,,,,,,standardize,,,,
weighting,one_hot_encoding,,False,extra_trees,,,,,,,,,,,,,,,,True,gini,None,0.6025857717358056,None,0.0,16.0,19.0,0.0,100.0,,,,,,,,,,,,,,,,,,,,,,,,,,,,,,,,,,,,,,,,,,,,,,,,,,,,,,,,,,,,,,,,,,,,,,,,,,,,,,,,,,84,most_frequent,no_preprocessing,,,,,,,,,,,,,,,,,,,,,,,,,,,,,,,,,,,,,,,,,,,,,,,,,,,,,,,,standardize,,,,
none,one_hot_encoding,0.00010817282861262362,True,extra_trees,,,,,,,,,,,,,,,,False,entropy,None,0.799803680241154,None,0.0,13.0,14.0,0.0,100.0,,,,,,,,,,,,,,,,,,,,,,,,,,,,,,,,,,,,,,,,,,,,,,,,,,,,,,,,,,,,,,,,,,,,,,,,,,,,,,,,,,85,mean,fast_ica,,,,,,,,,,,deflation,exp,1793.0,True,,,,,,,,,,,,,,,,,,,,,,,,,,,,,,,,,,,,,,,,,,robust_scaler,,,0.9071932815811076,0.03563842252368924
weighting,no_encoding,,,random_forest,,,,,,,,,,,,,,,,,,,,,,,,,,,,,,,,,,,,,,,,,,,,,,,,,,,,,,,,,,,,,,,,,,,,,False,entropy,None,0.35533396539961937,None,0.0,17.0,7.0,0.0,100.0,,,,,,,,,,,,,,,,,,,,,,,,,,,,,86,median,select_rates,,,,,,,,,,,,,,,,,,,,,,,,,,,,,,,,,,,,,,,,,,,,,,,,,,,,,0.4165632766388807,fpr,chi2,none,,,,
weighting,one_hot_encoding,,False,lda,,,,,,,,,,,,,,,,,,,,,,,,,,,,,,,,,,,,,,,,,156.0,auto,,0.0001987333852871589,,,,,,,,,,,,,,,,,,,,,,,,,,,,,,,,,,,,,,,,,,,,,,,,,,,,,,,,,,,,,,,87,mean,fast_ica,,,,,,,,,,,deflation,cube,,False,,,,,,,,,,,,,,,,,,,,,,,,,,,,,,,,,,,,,,,,,,standardize,,,,
none,one_hot_encoding,0.010000000000000005,True,libsvm_svc,,,,,,,,,,,,,,,,,,,,,,,,,,,,,,,,,,,,,,,,,,,,,,,,,,,,,19.736566293163854,,,3.690774279954552,rbf,-1.0,True,0.03907331735692288,,,,,,,,,,,,,,,,,,,,,,,,,,,,,,,,,,,,,,,,,,,,,,,88,mean,extra_trees_preproc_for_classification,False,gini,None,0.5,None,0.0,1.0,17.0,0.0,100.0,,,,,,,,,,,,,,,,,,,,,,,,,,,,,,,,,,,,,,,,,,,,,,none,,,,
weighting,no_encoding,,,passive_aggressive,,,,,,,,,,,,,,,,,,,,,,,,,,,,,,,,,,,,,,,,,,,,,,,,,,,,,,,,,,,,,,,6.96834823420249e-05,False,True,hinge,0.00016639250831671168,,,,,,,,,,,,,,,,,,,,,,,,,,,,,,,,,,,,,,,,89,most_frequent,select_percentile_classification,,,,,,,,,,,,,,,,,,,,,,,,,,,,,,,,,,,,,,,,,,,,,,,,,,,11.628430584359224,mutual_info,,,,quantile_transformer,6634.0,normal,,
weighting,one_hot_encoding,,False,random_forest,,,,,,,,,,,,,,,,,,,,,,,,,,,,,,,,,,,,,,,,,,,,,,,,,,,,,,,,,,,,,,,,,,,,,False,entropy,None,0.8522973640879423,None,0.0,13.0,20.0,0.0,100.0,,,,,,,,,,,,,,,,,,,,,,,,,,,,,90,mean,polynomial,,,,,,,,,,,,,,,,,,,,,,,,,,,,,,,,,,,,,,,,,3.0,True,False,,,,,,,,,,,,,minmax,,,,
none,one_hot_encoding,0.01,True,random_forest,,,,,,,,,,,,,,,,,,,,,,,,,,,,,,,,,,,,,,,,,,,,,,,,,,,,,,,,,,,,,,,,,,,,,True,gini,None,0.5,None,0.0,1.0,2.0,0.0,100.0,,,,,,,,,,,,,,,,,,,,,,,,,,,,,91,mean,no_preprocessing,,,,,,,,,,,,,,,,,,,,,,,,,,,,,,,,,,,,,,,,,,,,,,,,,,,,,,,,standardize,,,,
weighting,no_encoding,,,decision_tree,,,,,,,entropy,1.94608233492308,,1.0,None,0.0,15.0,11.0,0.0,,,,,,,,,,,,,,,,,,,,,,,,,,,,,,,,,,,,,,,,,,,,,,,,,,,,,,,,,,,,,,,,,,,,,,,,,,,,,,,,,,,,,,,,,,,,92,median,select_rates,,,,,,,,,,,,,,,,,,,,,,,,,,,,,,,,,,,,,,,,,,,,,,,,,,,,,0.2613520842796237,fdr,chi2,quantile_transformer,1000.0,uniform,,
weighting,one_hot_encoding,0.41094614430753584,True,random_forest,,,,,,,,,,,,,,,,,,,,,,,,,,,,,,,,,,,,,,,,,,,,,,,,,,,,,,,,,,,,,,,,,,,,,True,gini,None,0.5686453602598863,None,0.0,1.0,2.0,0.0,100.0,,,,,,,,,,,,,,,,,,,,,,,,,,,,,93,most_frequent,no_preprocessing,,,,,,,,,,,,,,,,,,,,,,,,,,,,,,,,,,,,,,,,,,,,,,,,,,,,,,,,standardize,,,,
weighting,one_hot_encoding,0.0387325491437111,True,extra_trees,,,,,,,,,,,,,,,,False,entropy,None,0.32034732923549136,None,0.0,20.0,15.0,0.0,100.0,,,,,,,,,,,,,,,,,,,,,,,,,,,,,,,,,,,,,,,,,,,,,,,,,,,,,,,,,,,,,,,,,,,,,,,,,,,,,,,,,,94,median,select_percentile_classification,,,,,,,,,,,,,,,,,,,,,,,,,,,,,,,,,,,,,,,,,,,,,,,,,,,50.0,chi2,,,,quantile_transformer,1000.0,uniform,,
weighting,no_encoding,,,gradient_boosting,,,,,,,,,,,,,,,,,,,,,,,,,,mse,0.2636201374253461,deviance,7.0,0.8344964130784466,None,0.0,9.0,2.0,0.0,298.0,0.7517549950523315,,,,,,,,,,,,,,,,,,,,,,,,,,,,,,,,,,,,,,,,,,,,,,,,,,,,,,,,,,,,,,,,,,,,,,95,mean,polynomial,,,,,,,,,,,,,,,,,,,,,,,,,,,,,,,,,,,,,,,,,3.0,False,True,,,,,,,,,,,,,normalize,,,,
weighting,one_hot_encoding,,False,extra_trees,,,,,,,,,,,,,,,,True,gini,None,0.6025857717358056,None,0.0,16.0,19.0,0.0,100.0,,,,,,,,,,,,,,,,,,,,,,,,,,,,,,,,,,,,,,,,,,,,,,,,,,,,,,,,,,,,,,,,,,,,,,,,,,,,,,,,,,96,most_frequent,no_preprocessing,,,,,,,,,,,,,,,,,,,,,,,,,,,,,,,,,,,,,,,,,,,,,,,,,,,,,,,,standardize,,,,
weighting,one_hot_encoding,0.2263596964804377,True,adaboost,SAMME,0.15143691959318842,2.0,233.0,,,,,,,,,,,,,,,,,,,,,,,,,,,,,,,,,,,,,,,,,,,,,,,,,,,,,,,,,,,,,,,,,,,,,,,,,,,,,,,,,,,,,,,,,,,,,,,,,,,,,,,97,most_frequent,select_rates,,,,,,,,,,,,,,,,,,,,,,,,,,,,,,,,,,,,,,,,,,,,,,,,,,,,,0.07951518163998639,fwe,f_classif,minmax,,,,
weighting,one_hot_encoding,0.010000000000000005,True,gradient_boosting,,,,,,,,,,,,,,,,,,,,,,,,,,friedman_mse,0.14904790197542306,deviance,6.0,0.7561346995577642,None,0.0,5.0,14.0,0.0,340.0,0.6548040792383665,,,,,,,,,,,,,,,,,,,,,,,,,,,,,,,,,,,,,,,,,,,,,,,,,,,,,,,,,,,,,,,,,,,,,,98,mean,no_preprocessing,,,,,,,,,,,,,,,,,,,,,,,,,,,,,,,,,,,,,,,,,,,,,,,,,,,,,,,,none,,,,
weighting,one_hot_encoding,,False,gradient_boosting,,,,,,,,,,,,,,,,,,,,,,,,,,mse,0.0433556140045585,deviance,10.0,0.33000096635982235,None,0.0,15.0,13.0,0.0,388.0,0.8291104221904706,,,,,,,,,,,,,,,,,,,,,,,,,,,,,,,,,,,,,,,,,,,,,,,,,,,,,,,,,,,,,,,,,,,,,,99,median,polynomial,,,,,,,,,,,,,,,,,,,,,,,,,,,,,,,,,,,,,,,,,2.0,False,True,,,,,,,,,,,,,robust_scaler,,,0.7496393440951183,0.2853682991120835
none,one_hot_encoding,0.01,True,random_forest,,,,,,,,,,,,,,,,,,,,,,,,,,,,,,,,,,,,,,,,,,,,,,,,,,,,,,,,,,,,,,,,,,,,,True,gini,None,0.5,None,0.0,1.0,2.0,0.0,100.0,,,,,,,,,,,,,,,,,,,,,,,,,,,,,100,mean,no_preprocessing,,,,,,,,,,,,,,,,,,,,,,,,,,,,,,,,,,,,,,,,,,,,,,,,,,,,,,,,standardize,,,,
weighting,no_encoding,,,libsvm_svc,,,,,,,,,,,,,,,,,,,,,,,,,,,,,,,,,,,,,,,,,,,,,,,,,,,,,0.3721522140614508,0.3541746628756037,3.0,0.0009148519644429074,poly,-1.0,False,2.916672898330067e-05,,,,,,,,,,,,,,,,,,,,,,,,,,,,,,,,,,,,,,,,,,,,,,,101,mean,no_preprocessing,,,,,,,,,,,,,,,,,,,,,,,,,,,,,,,,,,,,,,,,,,,,,,,,,,,,,,,,quantile_transformer,37866.0,normal,,
weighting,one_hot_encoding,0.010000000000000005,True,gradient_boosting,,,,,,,,,,,,,,,,,,,,,,,,,,friedman_mse,0.04952755495565772,deviance,3.0,0.7249041896998006,None,0.0,6.0,17.0,0.0,174.0,0.3718608680080454,,,,,,,,,,,,,,,,,,,,,,,,,,,,,,,,,,,,,,,,,,,,,,,,,,,,,,,,,,,,,,,,,,,,,,102,mean,no_preprocessing,,,,,,,,,,,,,,,,,,,,,,,,,,,,,,,,,,,,,,,,,,,,,,,,,,,,,,,,minmax,,,,
weighting,one_hot_encoding,0.0020580843703898177,True,extra_trees,,,,,,,,,,,,,,,,False,entropy,None,0.945774573434192,None,0.0,19.0,14.0,0.0,100.0,,,,,,,,,,,,,,,,,,,,,,,,,,,,,,,,,,,,,,,,,,,,,,,,,,,,,,,,,,,,,,,,,,,,,,,,,,,,,,,,,,103,median,fast_ica,,,,,,,,,,,deflation,logcosh,,False,,,,,,,,,,,,,,,,,,,,,,,,,,,,,,,,,,,,,,,,,,quantile_transformer,15209.0,normal,,
weighting,one_hot_encoding,0.010000000000000005,True,extra_trees,,,,,,,,,,,,,,,,True,entropy,None,0.44875674701568935,None,0.0,8.0,17.0,0.0,100.0,,,,,,,,,,,,,,,,,,,,,,,,,,,,,,,,,,,,,,,,,,,,,,,,,,,,,,,,,,,,,,,,,,,,,,,,,,,,,,,,,,104,most_frequent,fast_ica,,,,,,,,,,,deflation,cube,1367.0,True,,,,,,,,,,,,,,,,,,,,,,,,,,,,,,,,,,,,,,,,,,standardize,,,,
weighting,one_hot_encoding,0.10324969243867224,True,decision_tree,,,,,,,gini,0.7467478023293801,,1.0,None,0.0,12.0,8.0,0.0,,,,,,,,,,,,,,,,,,,,,,,,,,,,,,,,,,,,,,,,,,,,,,,,,,,,,,,,,,,,,,,,,,,,,,,,,,,,,,,,,,,,,,,,,,,,105,most_frequent,select_percentile_classification,,,,,,,,,,,,,,,,,,,,,,,,,,,,,,,,,,,,,,,,,,,,,,,,,,,84.22876326806853,mutual_info,,,,minmax,,,,
none,one_hot_encoding,,False,extra_trees,,,,,,,,,,,,,,,,False,gini,None,0.5,None,0.0,1.0,2.0,0.0,100.0,,,,,,,,,,,,,,,,,,,,,,,,,,,,,,,,,,,,,,,,,,,,,,,,,,,,,,,,,,,,,,,,,,,,,,,,,,,,,,,,,,106,mean,polynomial,,,,,,,,,,,,,,,,,,,,,,,,,,,,,,,,,,,,,,,,,3.0,False,True,,,,,,,,,,,,,standardize,,,,
weighting,one_hot_encoding,0.005332972692819521,True,random_forest,,,,,,,,,,,,,,,,,,,,,,,,,,,,,,,,,,,,,,,,,,,,,,,,,,,,,,,,,,,,,,,,,,,,,False,entropy,None,0.5565918060287016,None,0.0,5.0,18.0,0.0,100.0,,,,,,,,,,,,,,,,,,,,,,,,,,,,,107,most_frequent,feature_agglomeration,,,,,,,,,,,,,,,cosine,complete,173.0,max,,,,,,,,,,,,,,,,,,,,,,,,,,,,,,,,,,,,,,robust_scaler,,,0.9527068489270144,0.04135311355893583
weighting,one_hot_encoding,0.001279467383882126,True,k_nearest_neighbors,,,,,,,,,,,,,,,,,,,,,,,,,,,,,,,,,,,,,,1.0,2.0,uniform,,,,,,,,,,,,,,,,,,,,,,,,,,,,,,,,,,,,,,,,,,,,,,,,,,,,,,,,,,,,,,,,,,,108,most_frequent,select_rates,,,,,,,,,,,,,,,,,,,,,,,,,,,,,,,,,,,,,,,,,,,,,,,,,,,,,0.0903354518102121,fwe,f_classif,standardize,,,,
weighting,one_hot_encoding,0.00013442810992750476,True,liblinear_svc,,,,,,,,,,,,,,,,,,,,,,,,,,,,,,,,,,,,,,,,,,,,,1.0,False,True,1.0,squared_hinge,ovr,l2,0.00010000000000000009,,,,,,,,,,,,,,,,,,,,,,,,,,,,,,,,,,,,,,,,,,,,,,,,,,,,,,,109,median,random_trees_embedding,,,,,,,,,,,,,,,,,,,,,,,,,,,,,,,,,,,,,,,,,,,,False,8.0,None,13.0,16.0,1.0,28.0,,,,,,quantile_transformer,41502.0,uniform,,
weighting,one_hot_encoding,0.002615346832354839,True,random_forest,,,,,,,,,,,,,,,,,,,,,,,,,,,,,,,,,,,,,,,,,,,,,,,,,,,,,,,,,,,,,,,,,,,,,True,entropy,None,0.7884268823432835,None,0.0,20.0,15.0,0.0,100.0,,,,,,,,,,,,,,,,,,,,,,,,,,,,,110,most_frequent,no_preprocessing,,,,,,,,,,,,,,,,,,,,,,,,,,,,,,,,,,,,,,,,,,,,,,,,,,,,,,,,quantile_transformer,1000.0,uniform,,
weighting,one_hot_encoding,0.010000000000000005,True,libsvm_svc,,,,,,,,,,,,,,,,,,,,,,,,,,,,,,,,,,,,,,,,,,,,,,,,,,,,,56.086963007482865,,,0.013609964993119377,rbf,-1.0,True,0.00196831255706268,,,,,,,,,,,,,,,,,,,,,,,,,,,,,,,,,,,,,,,,,,,,,,,111,most_frequent,polynomial,,,,,,,,,,,,,,,,,,,,,,,,,,,,,,,,,,,,,,,,,2.0,True,False,,,,,,,,,,,,,robust_scaler,,,0.75,0.15374716583918388
none,one_hot_encoding,,False,gradient_boosting,,,,,,,,,,,,,,,,,,,,,,,,,,friedman_mse,0.2472984547885781,deviance,3.0,0.6564306719064884,None,0.0,15.0,14.0,0.0,220.0,0.8082564085714649,,,,,,,,,,,,,,,,,,,,,,,,,,,,,,,,,,,,,,,,,,,,,,,,,,,,,,,,,,,,,,,,,,,,,,112,median,feature_agglomeration,,,,,,,,,,,,,,,euclidean,complete,332.0,max,,,,,,,,,,,,,,,,,,,,,,,,,,,,,,,,,,,,,,quantile_transformer,1000.0,uniform,,
none,one_hot_encoding,0.01,True,random_forest,,,,,,,,,,,,,,,,,,,,,,,,,,,,,,,,,,,,,,,,,,,,,,,,,,,,,,,,,,,,,,,,,,,,,True,gini,None,0.5,None,0.0,1.0,2.0,0.0,100.0,,,,,,,,,,,,,,,,,,,,,,,,,,,,,113,mean,no_preprocessing,,,,,,,,,,,,,,,,,,,,,,,,,,,,,,,,,,,,,,,,,,,,,,,,,,,,,,,,standardize,,,,
weighting,one_hot_encoding,0.001532792329695102,True,extra_trees,,,,,,,,,,,,,,,,True,entropy,None,0.712362002844248,None,0.0,16.0,15.0,0.0,100.0,,,,,,,,,,,,,,,,,,,,,,,,,,,,,,,,,,,,,,,,,,,,,,,,,,,,,,,,,,,,,,,,,,,,,,,,,,,,,,,,,,114,mean,extra_trees_preproc_for_classification,False,gini,None,0.5,None,0.0,1.0,2.0,0.0,100.0,,,,,,,,,,,,,,,,,,,,,,,,,,,,,,,,,,,,,,,,,,,,,,standardize,,,,
weighting,no_encoding,,,gradient_boosting,,,,,,,,,,,,,,,,,,,,,,,,,,friedman_mse,0.03905145156995541,deviance,5.0,0.2281306656230014,None,0.0,14.0,13.0,0.0,493.0,0.8793075442604774,,,,,,,,,,,,,,,,,,,,,,,,,,,,,,,,,,,,,,,,,,,,,,,,,,,,,,,,,,,,,,,,,,,,,,115,mean,no_preprocessing,,,,,,,,,,,,,,,,,,,,,,,,,,,,,,,,,,,,,,,,,,,,,,,,,,,,,,,,quantile_transformer,25382.0,normal,,
weighting,no_encoding,,,gradient_boosting,,,,,,,,,,,,,,,,,,,,,,,,,,mse,0.12713527337147906,deviance,4.0,0.6041596127474019,None,0.0,14.0,17.0,0.0,83.0,0.8426859880999615,,,,,,,,,,,,,,,,,,,,,,,,,,,,,,,,,,,,,,,,,,,,,,,,,,,,,,,,,,,,,,,,,,,,,,116,mean,no_preprocessing,,,,,,,,,,,,,,,,,,,,,,,,,,,,,,,,,,,,,,,,,,,,,,,,,,,,,,,,minmax,,,,
none,one_hot_encoding,0.01,True,random_forest,,,,,,,,,,,,,,,,,,,,,,,,,,,,,,,,,,,,,,,,,,,,,,,,,,,,,,,,,,,,,,,,,,,,,True,gini,None,0.5,None,0.0,1.0,2.0,0.0,100.0,,,,,,,,,,,,,,,,,,,,,,,,,,,,,117,mean,no_preprocessing,,,,,,,,,,,,,,,,,,,,,,,,,,,,,,,,,,,,,,,,,,,,,,,,,,,,,,,,standardize,,,,
weighting,one_hot_encoding,,False,random_forest,,,,,,,,,,,,,,,,,,,,,,,,,,,,,,,,,,,,,,,,,,,,,,,,,,,,,,,,,,,,,,,,,,,,,False,gini,None,0.5,None,0.0,1.0,2.0,0.0,100.0,,,,,,,,,,,,,,,,,,,,,,,,,,,,,118,mean,liblinear_svc_preprocessor,,,,,,,,,,,,,,,,,,,,,,,,,,0.20202014999292287,False,True,1.0,squared_hinge,ovr,l1,0.026650505297677905,,,,,,,,,,,,,,,,,,,,,,,none,,,,
none,no_encoding,,,qda,,,,,,,,,,,,,,,,,,,,,,,,,,,,,,,,,,,,,,,,,,,,,,,,,,,,,,,,,,,,,,,,,,,,0.6390376923528961,,,,,,,,,,,,,,,,,,,,,,,,,,,,,,,,,,,,,,,119,median,feature_agglomeration,,,,,,,,,,,,,,,cosine,average,164.0,mean,,,,,,,,,,,,,,,,,,,,,,,,,,,,,,,,,,,,,,quantile_transformer,62508.0,normal,,
weighting,one_hot_encoding,0.1885493528549979,True,passive_aggressive,,,,,,,,,,,,,,,,,,,,,,,,,,,,,,,,,,,,,,,,,,,,,,,,,,,,,,,,,,,,,,,4.603604171705261,False,True,squared_hinge,4.4620804452839e-05,,,,,,,,,,,,,,,,,,,,,,,,,,,,,,,,,,,,,,,,120,mean,polynomial,,,,,,,,,,,,,,,,,,,,,,,,,,,,,,,,,,,,,,,,,2.0,False,False,,,,,,,,,,,,,quantile_transformer,57665.0,uniform,,
weighting,one_hot_encoding,,False,sgd,,,,,,,,,,,,,,,,,,,,,,,,,,,,,,,,,,,,,,,,,,,,,,,,,,,,,,,,,,,,,,,,,,,,,,,,,,,,,,,3.27041927277584e-06,True,0.00010000000000000009,0.033157325660763994,True,0.0008114527992546482,invscaling,modified_huber,elasticnet,0.13714427818877545,0.055179642772545036,,,,,,,,,,,,,,,,,,121,median,fast_ica,,,,,,,,,,,parallel,cube,,False,,,,,,,,,,,,,,,,,,,,,,,,,,,,,,,,,,,,,,,,,,minmax,,,,
weighting,one_hot_encoding,,False,extra_trees,,,,,,,,,,,,,,,,True,gini,None,0.7879059827470586,None,0.0,3.0,19.0,0.0,100.0,,,,,,,,,,,,,,,,,,,,,,,,,,,,,,,,,,,,,,,,,,,,,,,,,,,,,,,,,,,,,,,,,,,,,,,,,,,,,,,,,,122,most_frequent,select_percentile_classification,,,,,,,,,,,,,,,,,,,,,,,,,,,,,,,,,,,,,,,,,,,,,,,,,,,54.1024239468849,f_classif,,,,quantile_transformer,89842.0,normal,,
weighting,one_hot_encoding,0.010000000000000005,True,decision_tree,,,,,,,entropy,1.5841974853345435,,1.0,None,0.0,8.0,14.0,0.0,,,,,,,,,,,,,,,,,,,,,,,,,,,,,,,,,,,,,,,,,,,,,,,,,,,,,,,,,,,,,,,,,,,,,,,,,,,,,,,,,,,,,,,,,,,,123,most_frequent,feature_agglomeration,,,,,,,,,,,,,,,euclidean,ward,25.0,mean,,,,,,,,,,,,,,,,,,,,,,,,,,,,,,,,,,,,,,robust_scaler,,,0.75,0.25
weighting,no_encoding,,,gradient_boosting,,,,,,,,,,,,,,,,,,,,,,,,,,mse,0.04994122399949775,deviance,9.0,0.8621747362759826,None,0.0,1.0,13.0,0.0,84.0,0.6449569386396325,,,,,,,,,,,,,,,,,,,,,,,,,,,,,,,,,,,,,,,,,,,,,,,,,,,,,,,,,,,,,,,,,,,,,,124,mean,select_percentile_classification,,,,,,,,,,,,,,,,,,,,,,,,,,,,,,,,,,,,,,,,,,,,,,,,,,,44.533266302815896,chi2,,,,minmax,,,,
weighting,one_hot_encoding,0.000738320402221022,True,gaussian_nb,,,,,,,,,,,,,,,,,,,,,,,,,,,,,,,,,,,,,,,,,,,,,,,,,,,,,,,,,,,,,,,,,,,,,,,,,,,,,,,,,,,,,,,,,,,,,,,,,,,,,,,,,,,125,median,liblinear_svc_preprocessor,,,,,,,,,,,,,,,,,,,,,,,,,,0.854322697199371,False,True,1.0,squared_hinge,ovr,l1,0.00013359426815085846,,,,,,,,,,,,,,,,,,,,,,,quantile_transformer,30.0,normal,,
weighting,no_encoding,,,liblinear_svc,,,,,,,,,,,,,,,,,,,,,,,,,,,,,,,,,,,,,,,,,,,,,1.0733000338152003,False,True,1.0,squared_hinge,ovr,l2,0.033752542733220474,,,,,,,,,,,,,,,,,,,,,,,,,,,,,,,,,,,,,,,,,,,,,,,,,,,,,,,126,median,nystroem_sampler,,,,,,,,,,,,,,,,,,,,,,,,,,,,,,,,,,-0.6840756728731969,,0.00980445380551526,sigmoid,161.0,,,,,,,,,,,,,,,,,,standardize,,,,
weighting,one_hot_encoding,,False,extra_trees,,,,,,,,,,,,,,,,False,entropy,None,0.5765793990908161,None,0.0,11.0,20.0,0.0,100.0,,,,,,,,,,,,,,,,,,,,,,,,,,,,,,,,,,,,,,,,,,,,,,,,,,,,,,,,,,,,,,,,,,,,,,,,,,,,,,,,,,127,median,fast_ica,,,,,,,,,,,deflation,exp,10.0,True,,,,,,,,,,,,,,,,,,,,,,,,,,,,,,,,,,,,,,,,,,none,,,,
weighting,no_encoding,,,gradient_boosting,,,,,,,,,,,,,,,,,,,,,,,,,,friedman_mse,0.1166829447028879,deviance,4.0,0.8451196958788597,None,0.0,1.0,8.0,0.0,58.0,0.8652814520124915,,,,,,,,,,,,,,,,,,,,,,,,,,,,,,,,,,,,,,,,,,,,,,,,,,,,,,,,,,,,,,,,,,,,,,128,mean,liblinear_svc_preprocessor,,,,,,,,,,,,,,,,,,,,,,,,,,0.03406306803297533,False,True,1.0,squared_hinge,ovr,l1,0.00019257971888767865,,,,,,,,,,,,,,,,,,,,,,,minmax,,,,
weighting,one_hot_encoding,0.0006290513932903491,True,random_forest,,,,,,,,,,,,,,,,,,,,,,,,,,,,,,,,,,,,,,,,,,,,,,,,,,,,,,,,,,,,,,,,,,,,,False,entropy,None,0.8680626684393846,None,0.0,9.0,18.0,0.0,100.0,,,,,,,,,,,,,,,,,,,,,,,,,,,,,129,median,no_preprocessing,,,,,,,,,,,,,,,,,,,,,,,,,,,,,,,,,,,,,,,,,,,,,,,,,,,,,,,,quantile_transformer,54639.0,normal,,
weighting,one_hot_encoding,,False,random_forest,,,,,,,,,,,,,,,,,,,,,,,,,,,,,,,,,,,,,,,,,,,,,,,,,,,,,,,,,,,,,,,,,,,,,False,gini,None,0.2604623554399743,None,0.0,18.0,8.0,0.0,100.0,,,,,,,,,,,,,,,,,,,,,,,,,,,,,130,most_frequent,select_rates,,,,,,,,,,,,,,,,,,,,,,,,,,,,,,,,,,,,,,,,,,,,,,,,,,,,,0.282079367058228,fpr,chi2,none,,,,
none,one_hot_encoding,0.04651467280022463,True,adaboost,SAMME,0.6506122230393502,6.0,143.0,,,,,,,,,,,,,,,,,,,,,,,,,,,,,,,,,,,,,,,,,,,,,,,,,,,,,,,,,,,,,,,,,,,,,,,,,,,,,,,,,,,,,,,,,,,,,,,,,,,,,,,131,mean,extra_trees_preproc_for_classification,False,entropy,None,0.348720215832657,None,0.0,17.0,14.0,0.0,100.0,,,,,,,,,,,,,,,,,,,,,,,,,,,,,,,,,,,,,,,,,,,,,,quantile_transformer,26025.0,normal,,
weighting,no_encoding,,,random_forest,,,,,,,,,,,,,,,,,,,,,,,,,,,,,,,,,,,,,,,,,,,,,,,,,,,,,,,,,,,,,,,,,,,,,False,gini,None,0.3386310102795006,None,0.0,6.0,19.0,0.0,100.0,,,,,,,,,,,,,,,,,,,,,,,,,,,,,132,most_frequent,polynomial,,,,,,,,,,,,,,,,,,,,,,,,,,,,,,,,,,,,,,,,,3.0,True,True,,,,,,,,,,,,,minmax,,,,
weighting,no_encoding,,,lda,,,,,,,,,,,,,,,,,,,,,,,,,,,,,,,,,,,,,,,,,133.0,None,,5.861221938384061e-05,,,,,,,,,,,,,,,,,,,,,,,,,,,,,,,,,,,,,,,,,,,,,,,,,,,,,,,,,,,,,,,133,mean,select_rates,,,,,,,,,,,,,,,,,,,,,,,,,,,,,,,,,,,,,,,,,,,,,,,,,,,,,0.22985730375167915,fpr,f_classif,quantile_transformer,40589.0,uniform,,
none,no_encoding,,,sgd,,,,,,,,,,,,,,,,,,,,,,,,,,,,,,,,,,,,,,,,,,,,,,,,,,,,,,,,,,,,,,,,,,,,,,,,,,,,,,,0.00012437731009611307,True,,0.08709904468181932,True,,invscaling,squared_hinge,l1,0.6231564675290102,0.008071279833697563,,,,,,,,,,,,,,,,,,134,median,fast_ica,,,,,,,,,,,parallel,logcosh,814.0,True,,,,,,,,,,,,,,,,,,,,,,,,,,,,,,,,,,,,,,,,,,minmax,,,,
none,one_hot_encoding,0.01,True,random_forest,,,,,,,,,,,,,,,,,,,,,,,,,,,,,,,,,,,,,,,,,,,,,,,,,,,,,,,,,,,,,,,,,,,,,True,gini,None,0.5,None,0.0,1.0,2.0,0.0,100.0,,,,,,,,,,,,,,,,,,,,,,,,,,,,,135,mean,no_preprocessing,,,,,,,,,,,,,,,,,,,,,,,,,,,,,,,,,,,,,,,,,,,,,,,,,,,,,,,,standardize,,,,
none,one_hot_encoding,0.01,True,random_forest,,,,,,,,,,,,,,,,,,,,,,,,,,,,,,,,,,,,,,,,,,,,,,,,,,,,,,,,,,,,,,,,,,,,,True,gini,None,0.5,None,0.0,1.0,2.0,0.0,100.0,,,,,,,,,,,,,,,,,,,,,,,,,,,,,136,mean,no_preprocessing,,,,,,,,,,,,,,,,,,,,,,,,,,,,,,,,,,,,,,,,,,,,,,,,,,,,,,,,standardize,,,,
none,no_encoding,,,random_forest,,,,,,,,,,,,,,,,,,,,,,,,,,,,,,,,,,,,,,,,,,,,,,,,,,,,,,,,,,,,,,,,,,,,,False,entropy,None,0.714869937384006,None,0.0,8.0,8.0,0.0,100.0,,,,,,,,,,,,,,,,,,,,,,,,,,,,,137,median,no_preprocessing,,,,,,,,,,,,,,,,,,,,,,,,,,,,,,,,,,,,,,,,,,,,,,,,,,,,,,,,normalize,,,,
none,one_hot_encoding,0.01,True,random_forest,,,,,,,,,,,,,,,,,,,,,,,,,,,,,,,,,,,,,,,,,,,,,,,,,,,,,,,,,,,,,,,,,,,,,True,gini,None,0.5,None,0.0,1.0,2.0,0.0,100.0,,,,,,,,,,,,,,,,,,,,,,,,,,,,,138,mean,no_preprocessing,,,,,,,,,,,,,,,,,,,,,,,,,,,,,,,,,,,,,,,,,,,,,,,,,,,,,,,,standardize,,,,
none,one_hot_encoding,0.01,True,random_forest,,,,,,,,,,,,,,,,,,,,,,,,,,,,,,,,,,,,,,,,,,,,,,,,,,,,,,,,,,,,,,,,,,,,,True,gini,None,0.5,None,0.0,1.0,2.0,0.0,100.0,,,,,,,,,,,,,,,,,,,,,,,,,,,,,139,mean,no_preprocessing,,,,,,,,,,,,,,,,,,,,,,,,,,,,,,,,,,,,,,,,,,,,,,,,,,,,,,,,standardize,,,,
none,one_hot_encoding,0.01,True,random_forest,,,,,,,,,,,,,,,,,,,,,,,,,,,,,,,,,,,,,,,,,,,,,,,,,,,,,,,,,,,,,,,,,,,,,True,gini,None,0.5,None,0.0,1.0,2.0,0.0,100.0,,,,,,,,,,,,,,,,,,,,,,,,,,,,,140,mean,no_preprocessing,,,,,,,,,,,,,,,,,,,,,,,,,,,,,,,,,,,,,,,,,,,,,,,,,,,,,,,,standardize,,,,
